{"74": [-0.8266635, 0.6868314, -0.37341174, -0.09336525, 0.33930174, -0.065108344, 0.60223985, -0.68331504, -0.31012595, 0.013580597], "18": [-0.840967, 0.681521, -0.40733632, -0.034157418, 0.37134716, -0.05778913, 0.61330307, -0.61933565, -0.28405797, 0.043618776], "76": [-0.8099371, 0.7270263, -0.34514347, -0.09147638, 0.34664488, -0.05968703, 0.5512341, -0.6770387, -0.33741707, 0.054906525], "36": [-0.8410649, 0.7161033, -0.391806, -0.03664829, 0.2853993, -0.07265776, 0.6075937, -0.6327762, -0.30138347, -0.013857026], "83": [-0.79017895, 0.75525755, -0.35879216, -0.08202554, 0.32760236, 0.004053294, 0.5633146, -0.6724519, -0.38080183, 0.008994535], "37": [-0.84953296, 0.7029922, -0.40482002, -0.11429446, 0.27043077, -0.010797828, 0.5610543, -0.70037335, -0.34329748, -0.03286241], "17": [-0.7608937, 0.7410005, -0.33605266, -0.03313555, 0.36555684, -0.012412305, 0.6092156, -0.6561196, -0.354324, 0.08870918], "41": [-0.8052532, 0.6857281, -0.35513705, -0.011284349, 0.31894538, -0.031031173, 0.63291675, -0.6821473, -0.38645104, 0.033243474], "100": [-0.88825536, 0.7154412, -0.4172133, -0.092253976, 0.29623583, 0.0021472138, 0.5441966, -0.6138685, -0.36452603, -0.01272139], "8": [-0.8331744, 0.70516366, -0.39927414, -0.09703007, 0.2836409, -0.031316258, 0.6285499, -0.6546759, -0.33519354, 0.030981215], "38": [-0.822418, 0.702208, -0.41698793, -0.009717384, 0.32496053, 0.032434437, 0.64362764, -0.6273171, -0.3044711, -0.0058993436], "87": [-0.8647947, 0.7170421, -0.41467544, -0.059805132, 0.3256423, -0.031611204, 0.5291141, -0.6513987, -0.29607558, 0.052282296], "14": [-0.8020155, 0.7306611, -0.42740715, -0.07530563, 0.29589772, -0.017155256, 0.5961046, -0.65737337, -0.32020533, 0.011697611], "60": [-0.86641175, 0.7663889, -0.3873037, -0.053317472, 0.26693773, -0.0739203, 0.55948615, -0.6178417, -0.30570236, 0.009676862], "16": [-0.84460086, 0.7456633, -0.35235947, -0.0007570751, 0.35478655, 0.021936337, 0.52825135, -0.65853244, -0.34916106, 0.08367801], "64": [-0.90312904, 0.68399066, -0.39731166, -0.04227963, 0.27956176, 0.0216534, 0.61670387, -0.6241273, -0.294167, 0.050221536], "85": [-0.82394624, 0.72660863, -0.33533028, -0.037005465, 0.3544494, -0.009168194, 0.56700355, -0.6540579, -0.33113942, 0.022597302], "22": [-0.8259639, 0.7640187, -0.39601946, -0.07589478, 0.2797102, 0.021851463, 0.56383985, -0.66855806, -0.30926022, 0.02931586], "50": [-0.82768196, 0.723856, -0.39727485, -0.017252225, 0.30506653, -0.040060773, 0.57235295, -0.6495573, -0.35761538, 0.027334884], "49": [-0.8434149, 0.66715866, -0.42165455, -0.101644956, 0.37501708, -0.04087698, 0.54656017, -0.6677653, -0.31619164, -0.036886487], "24": [-0.75261265, 0.7173472, -0.42092583, -0.06948967, 0.3264067, 0.0060952194, 0.5788431, -0.66735846, -0.37790233, 0.008211623], "80": [-0.8280922, 0.670103, -0.34478968, 0.0057190843, 0.35333043, -0.027332518, 0.62820715, -0.69146913, -0.33154237, 0.08790529], "9": [-0.85136706, 0.69865704, -0.36495662, -0.045153838, 0.3113806, 0.0059588784, 0.5802151, -0.6385988, -0.3548509, -0.017291851], "11": [-0.8171169, 0.76274014, -0.3636545, -0.032038108, 0.30344036, -0.064662196, 0.59349465, -0.6313013, -0.37130007, -0.01502158], "7": [-0.8198885, 0.74488294, -0.41465387, -0.103689216, 0.28570572, 0.019398721, 0.60374993, -0.6516002, -0.26486567, 0.041207917], "57": [-0.82876307, 0.70971006, -0.3640585, -0.015536884, 0.36029026, -0.04997319, 0.59476537, -0.67973286, -0.30860808, -0.014048107], "26": [-0.7863593, 0.74786204, -0.34501293, -0.0607394, 0.27442783, -0.05523367, 0.6306023, -0.68993944, -0.29427695, -0.023381475], "47": [-0.8292956, 0.7262102, -0.37864116, -0.069798626, 0.34059685, -0.03955983, 0.62541306, -0.6441363, -0.27234757, 0.03027547], "89": [-0.8012568, 0.77012074, -0.42386502, -0.017555429, 0.31159994, 0.02705092, 0.5702969, -0.65341, -0.38206863, -0.02311542], "70": [-0.8218245, 0.716619, -0.3572628, -0.054442875, 0.35108376, -0.014203212, 0.6110616, -0.63920885, -0.36313176, 0.0050568124], "59": [-0.8898247, 0.6801832, -0.42476395, -0.051679276, 0.29539666, -0.054340396, 0.5785423, -0.61838895, -0.3510288, 0.059666276], "92": [-0.7903356, 0.7084832, -0.4201774, -0.07245179, 0.3468719, 0.030335773, 0.5856228, -0.6802736, -0.35541198, -0.006686874], "97": [-0.8066722, 0.71761787, -0.42735222, -0.07971048, 0.34727603, 0.04383741, 0.5745593, -0.641477, -0.35045046, -0.031979118], "32": [-0.81318223, 0.772775, -0.34951302, -0.067270495, 0.364375, 0.0013383501, 0.61403126, -0.5970764, -0.2847372, 0.0248182], "21": [-0.8473293, 0.7346635, -0.3760397, -0.024017394, 0.2893971, -0.021473246, 0.6060611, -0.6249836, -0.32363072, 0.02687929], "86": [-0.8214748, 0.73306316, -0.37403348, -0.08044736, 0.34755817, -0.044288613, 0.55762726, -0.664667, -0.37002793, 0.029241925], "91": [-0.8693862, 0.70383066, -0.37181827, -0.099220306, 0.3228468, -0.047086533, 0.57042444, -0.66160244, -0.29445624, 0.06804824], "81": [-0.87319213, 0.68468606, -0.41514927, -0.061766986, 0.35983366, -0.05599363, 0.551076, -0.6270607, -0.31776592, -0.017559247], "61": [-0.8364856, 0.6884642, -0.417392, -0.06517022, 0.2977155, -0.06283953, 0.5838437, -0.68881476, -0.2748201, 0.06066332], "39": [-0.7957068, 0.7109271, -0.39281374, -0.11927378, 0.27996993, 0.02999224, 0.6033769, -0.6821741, -0.3658349, 0.0132226], "93": [-0.82134145, 0.75317776, -0.3709183, -0.06952425, 0.28457162, -0.036245853, 0.61053634, -0.6173877, -0.3609019, 0.07468781], "10": [-0.80064404, 0.7224368, -0.4121125, -0.07178755, 0.30907694, 0.0068429797, 0.61842823, -0.6481021, -0.308716, 0.051023744], "58": [-0.8327785, 0.73330575, -0.42336252, -0.035750657, 0.29340848, -0.011035094, 0.60884625, -0.65148515, -0.31712118, 0.06599191], "3": [-0.8298533, 0.7264713, -0.3986926, -0.053426795, 0.30132958, 0.02062581, 0.60817254, -0.64477843, -0.32607478, 0.041037552], "40": [-0.8344211, 0.7356879, -0.42244828, -0.08568834, 0.32915968, -0.03806065, 0.53942996, -0.6359709, -0.30711472, 0.06290856], "66": [-0.83011913, 0.7200898, -0.35146528, -0.051775925, 0.32317168, -0.005661227, 0.5721941, -0.6985524, -0.32982504, -0.011199522], "75": [-0.8260762, 0.71652126, -0.35915276, -0.059728917, 0.36221763, -0.04307119, 0.6274918, -0.60890555, -0.29630253, -0.00742631], "55": [-0.7796361, 0.726457, -0.32898608, -0.0917249, 0.34536976, -0.06985177, 0.60107857, -0.70175993, -0.3767425, 0.080737405], "33": [-0.8379023, 0.69144577, -0.42525563, -0.027647207, 0.29069343, 0.01672724, 0.591138, -0.63106775, -0.37229225, 0.05438817], "42": [-0.81216323, 0.7254268, -0.43282735, -0.03371956, 0.28809357, -0.03242347, 0.5750395, -0.6630673, -0.33590454, 0.026195195], "23": [-0.811381, 0.78157204, -0.3852304, -0.105354846, 0.2683462, 0.02922822, 0.5985783, -0.6270216, -0.31931126, 0.08143148], "6": [-0.85729367, 0.6920057, -0.3306228, -0.049730852, 0.33054152, -0.064071834, 0.55921835, -0.6729411, -0.36141455, 0.04776947], "79": [-0.83578, 0.7138488, -0.36593503, -0.008574979, 0.37542686, -0.018251555, 0.6228622, -0.63499665, -0.31657612, 0.04664116], "67": [-0.80025345, 0.75400543, -0.33523914, -0.11168132, 0.32519132, -0.019426543, 0.5941848, -0.6845025, -0.354806, 0.026012195], "4": [-0.78753215, 0.75677687, -0.42120808, -0.10565296, 0.2919943, -0.004569716, 0.610835, -0.6384833, -0.3156171, 0.03303857], "13": [-0.789873, 0.7096273, -0.41850734, -0.046622917, 0.33344236, -0.06688521, 0.5742338, -0.68190825, -0.334773, 0.037053343], "56": [-0.82435256, 0.73221266, -0.4004401, -0.02386926, 0.26345927, -0.07697219, 0.6026666, -0.63729364, -0.35332808, 0.008125483], "68": [-0.828147, 0.7524879, -0.36390674, -0.092036575, 0.28276178, -0.03995321, 0.6352864, -0.6391946, -0.28236508, 0.0630971], "34": [-0.771465, 0.70264953, -0.40305194, -0.06534047, 0.35020277, -0.06022325, 0.61779416, -0.66503036, -0.35363933, 0.07631683], "96": [-0.85496855, 0.67114514, -0.3952265, -0.049145397, 0.3269312, 0.021712994, 0.63696325, -0.6279337, -0.2850799, 0.059185985],