{"3": [-0.34962025, -0.2499006, 0.52536744, -0.15034954, -0.89766645, -0.046089217, 0.38775784, 0.79595774, -0.43818292, -0.26950642], "8": [-0.3695681, -0.35205472, 0.45443618, -0.16216876, -0.9028513, -0.0680904, 0.38967976, 0.7958761, -0.40068898, -0.29173005], "40": [-0.41326633, -0.34569445, 0.5342738, -0.05167902, -0.9141254, -0.017914185, 0.37362972, 0.78543067, -0.37560895, -0.27208143], "12": [-0.4000002, -0.27945983, 0.5359015, -0.05574855, -0.8648386, -0.0014111713, 0.46077734, 0.8156955, -0.3633098, -0.29705048], "62": [-0.33175918, -0.32685238, 0.4649348, -0.16773662, -0.8191106, -0.0660183, 0.4693184, 0.8882292, -0.3874415, -0.2693061], "76": [-0.3751475, -0.2835079, 0.5038486, -0.11848593, -0.9231559, -0.027222648, 0.44727442, 0.8149877, -0.3580174, -0.248314], "9": [-0.30957612, -0.34295118, 0.49016258, -0.15076461, -0.8547661, -0.0024698426, 0.3878344, 0.898253, -0.35786986, -0.30906394], "95": [-0.4148014, -0.3279002, 0.5157011, -0.10634937, -0.8922859, -0.09942283, 0.40870506, 0.81923974, -0.35149553, -0.21885732], "16": [-0.30162197, -0.2458034, 0.573999, -0.08307067, -0.8538361, -0.031062363, 0.40127772, 0.8829341, -0.33991048, -0.27334005], "34": [-0.3850342, -0.2842254, 0.46946108, -0.047084197, -0.93006045, -0.09140628, 0.4488863, 0.7757287, -0.3687902, -0.28989816], "31": [-0.37027326, -0.27388653, 0.47994924, -0.15664181, -0.89961743, -0.004490732, 0.46930963, 0.7918396, -0.41475284, -0.21292725], "61": [-0.33846268, -0.27069217, 0.5139516, -0.07358493, -0.9358637, -0.09532049, 0.42192122, 0.801369, -0.3358336, -0.26225796], "78": [-0.4228939, -0.31353635, 0.46083927, -0.09378707, -0.8935866, -0.0070891823, 0.38807648, 0.84241676, -0.39126936, -0.29153422], "57": [-0.38429675, -0.33928347, 0.54403144, -0.123301424, -0.86937714, -0.04539545, 0.38070065, 0.82353634, -0.34035903, -0.3195354], "35": [-0.35600728, -0.33517393, 0.53561234, -0.10501811, -0.85001135, -0.10570565, 0.47096658, 0.83779114, -0.36786038, -0.20875058], "14": [-0.317002, -0.2824311, 0.45893183, -0.0888233, -0.8864155, -0.06781279, 0.4720796, 0.8304939, -0.3811451, -0.30030605], "98": [-0.3104582, -0.35158932, 0.5296518, -0.090669625, -0.86005384, -0.0324782, 0.4385774, 0.8216669, -0.38420483, -0.22864534], "5": [-0.29474553, -0.23988807, 0.51056, -0.11534826, -0.88607883, -0.066041484, 0.4581391, 0.84034, -0.35652214, -0.2640681], "19": [-0.30848446, -0.25389415, 0.43685886, -0.1326479, -0.90955436, -0.07782232, 0.4538928, 0.82943296, -0.4250755, -0.22332992], "27": [-0.39037636, -0.3321532, 0.5437224, -0.049397275, -0.88154966, -0.07978354, 0.37464204, 0.7926276, -0.41307473, -0.24848056], "79": [-0.31169805, -0.35555643, 0.47455433, -0.102937475, -0.8838919, -0.10191695, 0.45474333, 0.8309627, -0.37402993, -0.24362038], "23": [-0.40686414, -0.3461227, 0.4495743, -0.088388756, -0.87776846, -0.11064633, 0.4105498, 0.8567593, -0.32819834, -0.2907974], "22": [-0.33402467, -0.2728279, 0.5141612, -0.057570014, -0.8734098, -0.0695465, 0.42356852, 0.8604056, -0.31314063, -0.24940194], "54": [-0.36416224, -0.2566743, 0.571909, -0.11566137, -0.87111616, -0.006744592, 0.41210783, 0.8031747, -0.42408472, -0.24794137], "96": [-0.34615782, -0.2605399, 0.44499615, -0.066943385, -0.8831051, -0.031873763, 0.4651269, 0.8637555, -0.37779868, -0.25552496], "91": [-0.34468532, -0.36763492, 0.5220481, -0.042596377, -0.9047096, -0.04356837, 0.40517032, 0.8302645, -0.3322991, -0.25539312], "25": [-0.33221343, -0.33015102, 0.44297493, -0.10348495, -0.8959198, -0.049453165, 0.4578355, 0.83118916, -0.40863323, -0.21151432], "26": [-0.3918197, -0.28342003, 0.50336987, -0.09563703, -0.8533092, -0.014895748, 0.50062215, 0.8214889, -0.3339146, -0.22691265], "49": [-0.35176146, -0.33837575, 0.52807456, -0.10801675, -0.8953421, -0.03910739, 0.45379376, 0.7881396, -0.3545957, -0.233762], "50": [-0.34748706, -0.34709904, 0.5341081, -0.045132358, -0.8462094, -0.033731587, 0.3735155, 0.88453156, -0.38591826, -0.20203297], "63": [-0.34666392, -0.36596283, 0.53691673, -0.13192672, -0.8915404, -0.09362136, 0.41578707, 0.79154646, -0.36823142, -0.31428367], "7": [-0.457597, -0.38262507, 0.4369208, -0.15677734, -0.84400064, -0.10904348, 0.48209196, 0.8183583, -0.34550625, -0.24213356], "6": [-0.3989634, -0.27032387, 0.5066578, -0.15375991, -0.87277913, -0.06974295, 0.43011457, 0.8357307, -0.3706394, -0.220746], "71": [-0.3456351, -0.31326875, 0.4821742, -0.11426903, -0.91677827, -0.0522267, 0.4673338, 0.80394125, -0.3028409, -0.2559529], "45": [-0.39868644, -0.35495204, 0.5248981, -0.09455918, -0.8601424, -0.07854845, 0.44288492, 0.82701707, -0.36264786, -0.22009805], "74": [-0.35247093, -0.27386576, 0.4825496, -0.061882794, -0.9163997, -0.07565656, 0.43660104, 0.8169776, -0.34601974, -0.29786545], "10": [-0.36093712, -0.31697193, 0.50312275, -0.16888738, -0.8369012, -0.01283687, 0.4798307, 0.80896187, -0.40708724, -0.24819873], "42": [-0.41568112, -0.34497428, 0.43476912, -0.10475238, -0.9344558, -0.031168249, 0.3987192, 0.8258437, -0.38551944, -0.21152651], "82": [-0.42645603, -0.30260965, 0.52264357, -0.16052495, -0.8924264, -0.10440779, 0.42127883, 0.7908968, -0.30286556, -0.24817275], "83": [-0.31513423, -0.28955528, 0.58381134, -0.13733268, -0.87348413, -0.059299994, 0.45925215, 0.8136704, -0.32998794, -0.27868173], "65": [-0.389398, -0.26419953, 0.4547792, -0.08407007, -0.89561325, -0.0298115, 0.4768685, 0.84638596, -0.38242507, -0.1939853], "77": [-0.3840958, -0.27016795, 0.4579512, -0.08489755, -0.88615406, -0.03149001, 0.4824124, 0.86522275, -0.3470784, -0.21530935], "80": [-0.37687123, -0.2664498, 0.4639109, -0.09452218, -0.891415, -0.114453204, 0.44994205, 0.8573028, -0.32776996, -0.3138324], "68": [-0.34647936, -0.34497416, 0.47240743, -0.10061715, -0.86299944, -0.05531911, 0.4555504, 0.81924546, -0.43467423, -0.22718588], "97": [-0.4283551, -0.27850157, 0.5043454, -0.05544758, -0.90064824, -0.03901193, 0.45360684, 0.7903127, -0.361536, -0.23800702], "87": [-0.3546339, -0.29390645, 0.50770843, -0.10717916, -0.8874264, -0.02607699, 0.446231, 0.83924335, -0.30832204, -0.28990272], "36": [-0.3598047, -0.30069056, 0.55185145, -0.11270025, -0.8950048, -0.088156946, 0.40906078, 0.8162161, -0.339304, -0.2535988], "4": [-0.3899011, -0.34313568, 0.5071708, -0.13157547, -0.88508666, -0.059648626, 0.45021123, 0.75950444, -0.39448363, -0.252276], "29": [-0.34132728, -0.33398375, 0.52984643, -0.1151504, -0.83735234, -0.019227404, 0.4717821, 0.841791, -0.32745883, -0.273664], "69": [-0.3380671, -0.27608258, 0.48833978, -0.122987844, -0.89955765, -0.04716734, 0.38848978, 0.8663961, -0.37990746, -0.17705582], "13": [-0.39486912, -0.34916195, 0.43928522, -0.14102373, -0.8278908, -0.013527992, 0.46752766, 0.88456005, -0.36160797, -0.21028563], "44": [-0.29622132, -0.27167565, 0.4941114, -0.1422509, -0.8999166, -0.05159468, 0.45318726, 0.84499526, -0.40182665, -0.20701064], "55": [-0.3746395, -0.2390628, 0.48026004, -0.061008446, -0.8970062, -0.12221659, 0.39529645, 0.85028714, -0.4295669, -0.20741412], "11": [-0.30597767, -0.27514824, 0.48835093, -0.06752856, -0.8788625, -0.09911777, 0.48214492, 0.9102923, -0.31393757, -0.20010272], "18": [-0.30313474, -0.24936873, 0.5640151, -0.042847972, -0.92307985, -0.08564288, 0.44463184, 0.7768621, -0.417483, -0.30505374], "48": [-0.32742813, -0.3484191, 0.47509772, -0.17466903, -0.87092024, -0.07543154, 0.4113144, 0.8431165, -0.3698934, -0.26968455], "66": [-0.41664237, -0.3196668, 0.5258374, -0.15016533, -0.8571967, -0.08506997, 0.43504933, 0.8093017, -0.38539422, -0.23738204], "21": [-0.30447778, -0.2899964, 0.5531455, -0.12232306, -0.86135143, -0.004414954, 0.5205622, 0.85850537, -0.31362617, -0.25043583], "94": [-0.35786206, -0.3349252, 0.46930858, -0.08650848, -0.84683144, -0.078311756, 0.46443194, 0.8711367, -0.374854, -0.24487892], "75": [-0.37590587, -0.2538068, 0.47206602, -0.123381935, -0.903102, -0.106507435, 0.35102358, 0.8745873, -0.35508284, -0.28151366],