{"22": [-0.017800389, 0.7635226, -0.2553192, 0.45780265, -0.38024023, -0.7476946, 0.317279, -0.7301094, -0.32745212, 0.18339828], "81": [-0.0066688093, 0.73775685, -0.34734318, 0.4683828, -0.4241773, -0.6672646, 0.35867238, -0.7387058, -0.22678824, 0.31328288], "12": [-0.021645468, 0.7496532, -0.3065485, 0.46829483, -0.30900645, -0.71469647, 0.3245271, -0.7951759, -0.25984266, 0.27480265], "64": [0.028140862, 0.7682484, -0.34878153, 0.5070342, -0.31866923, -0.69651455, 0.27015808, -0.7618859, -0.26179537, 0.24642521], "17": [-0.06529252, 0.7453176, -0.35074186, 0.5272881, -0.37337252, -0.68890613, 0.24486591, -0.7505551, -0.32201904, 0.2112205], "31": [0.016745575, 0.74062496, -0.38307673, 0.5516829, -0.39276332, -0.68676347, 0.25014222, -0.7550358, -0.2505129, 0.19354916], "15": [-0.06986204, 0.7361766, -0.33164644, 0.51421577, -0.34226093, -0.6791055, 0.34809202, -0.7384317, -0.33144373, 0.2605527], "18": [-0.065878935, 0.78950495, -0.39921278, 0.47102714, -0.32470438, -0.68045706, 0.26552284, -0.7380219, -0.315338, 0.17989564], "42": [-0.03921787, 0.7777448, -0.30685455, 0.48843437, -0.30546826, -0.7429819, 0.24028997, -0.72049, -0.28988352, 0.2830686], "97": [-0.024635611, 0.71866816, -0.36039165, 0.5405267, -0.38424355, -0.67926687, 0.26068875, -0.78987306, -0.27757484, 0.23609258], "26": [-0.016000824, 0.7598476, -0.301362, 0.5225384, -0.27659076, -0.73465055, 0.32331693, -0.72899514, -0.307236, 0.23660117], "34": [0.016707424, 0.69345415, -0.33648884, 0.49216428, -0.41529104, -0.7074901, 0.24769653, -0.77381766, -0.23671798, 0.27747652], "35": [-0.036713563, 0.76418984, -0.30580187, 0.4707159, -0.36992493, -0.7374955, 0.23964922, -0.75681937, -0.26668787, 0.22712633], "90": [-0.01579221, 0.7146988, -0.30150306, 0.54334587, -0.30033037, -0.6280618, 0.34282985, -0.7975013, -0.30045947, 0.30502406], "8": [-0.027809365, 0.73401755, -0.30436254, 0.5376804, -0.32101908, -0.71790916, 0.27235308, -0.7564377, -0.30768576, 0.20542549], "65": [-0.032181136, 0.6603156, -0.37865165, 0.5354232, -0.4110042, -0.71464777, 0.32570943, -0.7573044, -0.2682621, 0.19123028], "36": [-0.07132882, 0.73678243, -0.3513304, 0.55744445, -0.28414083, -0.757167, 0.24535646, -0.69704485, -0.31264132, 0.23264831], "54": [-0.012695036, 0.67124367, -0.34766895, 0.5818048, -0.34154165, -0.6836688, 0.30731958, -0.7626791, -0.24614678, 0.2746204], "93": [-0.07984801, 0.71898705, -0.32447305, 0.53085315, -0.37946936, -0.7337884, 0.2534019, -0.74615747, -0.253121, 0.26196104], "23": [0.030089902, 0.64321077, -0.30385968, 0.5129779, -0.4161838, -0.7737814, 0.31880736, -0.7766984, -0.27039206, 0.19204195], "9": [-0.03426104, 0.69642186, -0.35406, 0.46354568, -0.30727372, -0.77327526, 0.24552833, -0.78677243, -0.34811598, 0.18621701], "19": [-0.049138177, 0.78249204, -0.3466783, 0.5148116, -0.3623737, -0.68451643, 0.27932504, -0.71246463, -0.31109947, 0.18501008], "38": [-0.05613887, 0.66839784, -0.32846576, 0.4541178, -0.37823537, -0.6463893, 0.277432, -0.87088096, -0.28988487, 0.24959661], "78": [-0.055151105, 0.72408354, -0.31559283, 0.46236226, -0.34914467, -0.6813702, 0.328997, -0.7817817, -0.29860556, 0.27583197], "25": [-0.025062453, 0.773564, -0.28278524, 0.4615729, -0.3787039, -0.7275822, 0.23132229, -0.8058416, -0.24531758, 0.21068934], "6": [-0.035308186, 0.6837657, -0.39677215, 0.46574932, -0.33171478, -0.7281246, 0.32079318, -0.7730117, -0.32011673, 0.1697179], "2": [-0.04951684, 0.71316546, -0.29186565, 0.49062797, -0.31863484, -0.6956191, 0.25503606, -0.8311616, -0.31173065, 0.22878997], "89": [-0.050906193, 0.7181899, -0.35333726, 0.46374813, -0.4136726, -0.6907851, 0.33588958, -0.76999474, -0.2891539, 0.17761013], "28": [-0.049671095, 0.6771665, -0.28533772, 0.47594088, -0.35037702, -0.70958877, 0.28959647, -0.8319865, -0.2503991, 0.29335028], "69": [-0.020980163, 0.7817712, -0.318113, 0.4709744, -0.37634972, -0.6556788, 0.30203182, -0.7535681, -0.27378124, 0.2691735], "94": [-0.051550154, 0.737751, -0.38860163, 0.4977841, -0.33214575, -0.7233694, 0.23342612, -0.7650173, -0.26235077, 0.23526044], "87": [-0.028080221, 0.736361, -0.34990364, 0.44396594, -0.30774543, -0.7122501, 0.31464672, -0.78144723, -0.2678894, 0.2641563], "83": [0.0019487216, 0.771377, -0.31163225, 0.47988018, -0.38060176, -0.71257937, 0.2921163, -0.73045105, -0.29097012, 0.28462076], "39": [0.020149196, 0.7035839, -0.30269307, 0.5311684, -0.3807273, -0.7150019, 0.2793858, -0.7557432, -0.31028423, 0.2796955], "29": [-0.015831394, 0.75314975, -0.34030613, 0.50991267, -0.41251364, -0.7036622, 0.26523614, -0.7567043, -0.28402427, 0.21663782], "59": [-0.090358846, 0.7640346, -0.32030576, 0.47738746, -0.38152298, -0.6804731, 0.3014464, -0.7463662, -0.25918365, 0.24628046], "95": [0.0033463186, 0.6730035, -0.38847244, 0.49427125, -0.30650148, -0.70695037, 0.24195017, -0.7887406, -0.3487104, 0.25766423], "80": [-0.006488309, 0.7197713, -0.25501698, 0.53886586, -0.3449447, -0.72348994, 0.2517439, -0.793626, -0.24443409, 0.21874315], "5": [-0.060868006, 0.7670718, -0.30753163, 0.4254351, -0.32047966, -0.6815411, 0.31728214, -0.78918475, -0.3239465, 0.18282655], "37": [-0.051989105, 0.7105286, -0.29689804, 0.48631945, -0.34954605, -0.73248863, 0.3511571, -0.72214866, -0.34298855, 0.24384661], "21": [0.00908093, 0.7166859, -0.3081613, 0.56998783, -0.3619998, -0.7379089, 0.29856393, -0.72133845, -0.2989046, 0.1860424], "72": [-0.06503856, 0.6971222, -0.36161196, 0.48000345, -0.32934842, -0.6600939, 0.24728799, -0.84318584, -0.35265937, 0.23531385], "51": [-0.040338665, 0.70891696, -0.34332892, 0.48112288, -0.33418304, -0.7020492, 0.30487603, -0.76474184, -0.26868916, 0.2912355], "20": [-0.057691444, 0.7518471, -0.23373163, 0.50803286, -0.28745487, -0.7064934, 0.28987226, -0.7947044, -0.25961417, 0.3130802], "82": [-0.07810216, 0.7416769, -0.3607354, 0.48626995, -0.3783843, -0.6837333, 0.23046969, -0.7424539, -0.3273464, 0.21079345], "4": [-0.026567489, 0.63642895, -0.29234716, 0.54155385, -0.3703759, -0.72159564, 0.2741118, -0.81377435, -0.3056159, 0.22082382], "47": [0.011460631, 0.72206324, -0.35093528, 0.5555845, -0.38847327, -0.64583653, 0.2840391, -0.75556976, -0.25707057, 0.2875284], "1": [0.017112061, 0.7253476, -0.34008178, 0.48790863, -0.3762841, -0.728245, 0.28746846, -0.74057794, -0.30304375, 0.19054987], "24": [-0.02654676, 0.74652004, -0.3328029, 0.5415014, -0.28204146, -0.7114785, 0.2765833, -0.7462534, -0.32749674, 0.22707047], "73": [0.011371307, 0.7932632, -0.2957627, 0.5452701, -0.3164681, -0.6679493, 0.258096, -0.77265716, -0.2558044, 0.21441951], "56": [0.01838861, 0.72153497, -0.28931904, 0.50802815, -0.32012326, -0.67739415, 0.31024757, -0.80700976, -0.28364754, 0.2860466], "61": [-0.056849252, 0.73119056, -0.35270977, 0.47844613, -0.36909077, -0.753525, 0.24302128, -0.7190488, -0.30185384, 0.27461675], "7": [-0.05046807, 0.6816218, -0.35518798, 0.5294201, -0.39109328, -0.675646, 0.29822993, -0.7620977, -0.30608383, 0.22124177], "91": [-0.018404685, 0.71520984, -0.35031426, 0.5026876, -0.3428045, -0.652035, 0.2533706, -0.8061229, -0.3076741, 0.2239015], "32": [0.021097053, 0.72368705, -0.3034786, 0.5331405, -0.40751377, -0.65020335, 0.28457642, -0.7862071, -0.27042595, 0.29195568], "71": [-0.044865392, 0.6992544, -0.33583513, 0.547766, -0.39446548, -0.66807693, 0.28827444, -0.786291, -0.22001788, 0.26122293], "58": [-0.039844364, 0.6859351, -0.3209754, 0.5171468, -0.34789434, -0.692679, 0.26153806, -0.8081545, -0.30927002, 0.28680187], "74": [-0.009044577, 0.7118147, -0.3149283, 0.5785183, -0.33085555, -0.65744495, 0.31415227, -0.7724344, -0.2660373, 0.26454327], "55": [-0.01349658, 0.73840773, -0.28583786, 0.54793966, -0.3840434, -0.65900093, 0.26148286, -0.78697133, -0.25255424, 0.25713462], "60": [-0.045103867, 0.7233227, -0.26402077, 0.49719003, -0.40964586, -0.6657377, 0.32440183, -0.7956046, -0.30548087, 0.28829738], "76": [-0.023322104, 0.6858099, -0.3487327, 0.5427706, -0.39863893, -0.7132849, 0.30170164, -0.71373034, -0.2719953, 0.27347463],